Review_ID,Wine_Class,Alcohol_Pct,Proline,Flavanoids,Color_Intensity,Review_Text,Star_Rating,Platform,Reviewer,Review_Length,True_Sentiment,Sentiment_Score,Predicted_Sentiment,Emotion
WR2000,class_0,14.23,1065.0,3.06,5.64,Exceptional quality! Flavanoids level 3.06 is remarkable. Colour intensity 5.64 shows excellent depth. Highly recommend.,5,TripAdvisor,User_0000,15,Positive,13,Positive,😍 Delight
WR2001,class_0,13.2,1050.0,2.76,4.38,Worst wine I have tried. Completely unpleasant. Alcohol 13.2% burns badly. Acid is completely wrong.,1,Vivino,User_0001,15,Negative,-10,Negative,😡 Anger
WR2002,class_0,13.16,1185.0,3.24,5.68,Perfect balance. Proline at 1185 delivers earthy depth. Hue 1.03 is gorgeous. One of the finest I have tasted.,5,Vivino,User_0002,19,Positive,7,Positive,😊 Satisfaction
WR2003,class_0,14.37,1480.0,3.49,7.8,Superb complexity! Rich dark fruit notes. Flavanoids 3.49 are excellent. This wine pairs perfectly with red meat.,4,Decanter,User_0003,17,Positive,9,Positive,😍 Delight
WR2004,class_0,13.24,735.0,2.69,4.32,One of the best class_0 wines I have ever tried. Perfectly aged. Proline 735 indicates exceptional terroir.,5,TripAdvisor,User_0004,17,Positive,8,Positive,😍 Delight
WR2005,class_0,14.2,1450.0,3.39,6.75,"Dreadful quality control. Flavanoids 3.39 are non-existent. No fruit, no finish. A big disappointment.",1,Vivino,User_0005,14,Negative,-6,Negative,😤 Frustration
WR2006,class_0,14.39,1290.0,2.52,5.25,Outstanding wine! The alcohol content of 14.39% gives it a wonderful warmth. Phenols at 2.5 make it rich and complex.,5,Reddit r/wine,User_0006,20,Positive,11,Positive,😍 Delight
WR2007,class_0,14.06,1295.0,2.51,5.05,Decent wine. Alcohol 14.06% is standard. Phenols 2.6 okay but nothing special. Average for the price.,3,Decanter,User_0007,16,Neutral,0,Neutral,😐 Indifferent
WR2008,class_0,14.83,1045.0,2.98,5.2,"Not bad, not great. Flavanoids 2.98 are acceptable. Ash 2.17 okay. Neither impressed nor disappointed.",3,TripAdvisor,User_0008,15,Neutral,-1,Neutral,😐 Indifferent
WR2009,class_0,13.86,1045.0,3.15,7.22,Terrible wine! Alcohol 13.86% is too harsh. Phenols 2.98 taste artificial. Unbalanced and disappointing.,1,Reddit r/wine,User_0009,14,Negative,-12,Negative,😡 Anger
WR2010,class_0,14.1,1510.0,3.32,5.75,Worst wine I have tried. Completely unpleasant. Alcohol 14.1% burns badly. Acid is completely wrong.,2,Wine Spectator,User_0010,15,Negative,-10,Negative,😡 Anger
WR2011,class_0,14.12,1280.0,2.43,5.0,Medium quality. Some positive notes but also some off-flavours. Colour 5.0 acceptable. Nothing remarkable.,3,Vivino,User_0011,14,Neutral,1,Neutral,🤔 Mixed
WR2012,class_0,13.75,1320.0,2.76,5.6,"Brilliant wine from class_0. Alcohol 13.75%, smooth finish, beautifully structured phenols at 2.6. Would buy again!",4,TripAdvisor,User_0012,16,Positive,6,Positive,😍 Delight
WR2013,class_0,14.75,1150.0,3.69,5.4,Exceptional quality! Flavanoids level 3.69 is remarkable. Colour intensity 5.4 shows excellent depth. Highly recommend.,5,TripAdvisor,User_0013,15,Positive,13,Positive,😍 Delight
WR2014,class_0,14.38,1547.0,3.64,7.5,Exceptional quality! Flavanoids level 3.64 is remarkable. Colour intensity 7.5 shows excellent depth. Highly recommend.,5,Wine Spectator,User_0014,15,Positive,13,Positive,😍 Delight
WR2015,class_0,13.63,1310.0,2.91,7.3,Medium quality. Some positive notes but also some off-flavours. Colour 7.3 acceptable. Nothing remarkable.,3,Amazon,User_0015,14,Neutral,1,Neutral,🤔 Mixed
WR2016,class_0,14.3,1280.0,3.14,6.2,Perfect balance. Proline at 1280 delivers earthy depth. Hue 1.07 is gorgeous. One of the finest I have tasted.,5,TripAdvisor,User_0016,19,Positive,7,Positive,😊 Satisfaction
WR2017,class_0,13.83,1130.0,3.4,6.6,Outstanding wine! The alcohol content of 13.83% gives it a wonderful warmth. Phenols at 2.95 make it rich and complex.,5,Reddit r/wine,User_0017,20,Positive,11,Positive,😍 Delight
WR2018,class_0,14.19,1680.0,3.93,8.7,Exceptional quality! Flavanoids level 3.93 is remarkable. Colour intensity 8.7 shows excellent depth. Highly recommend.,5,TripAdvisor,User_0018,15,Positive,13,Positive,😍 Delight
WR2019,class_0,13.64,845.0,3.03,5.1,Worst wine I have tried. Completely unpleasant. Alcohol 13.64% burns badly. Acid is completely wrong.,3,Reddit r/wine,User_0019,15,Negative,-10,Negative,😡 Anger
WR2020,class_0,14.06,780.0,3.17,5.65,"Not bad, not great. Flavanoids 3.17 are acceptable. Ash 2.28 okay. Neither impressed nor disappointed.",3,Decanter,User_0020,15,Neutral,-1,Neutral,😐 Indifferent
WR2021,class_0,12.93,770.0,2.41,4.5,Disgusting aftertaste. Hue 1.03 was off. Proline 770 way too high making it bitter. Waste of money.,2,TripAdvisor,User_0021,17,Negative,-9,Negative,😡 Anger
WR2022,class_0,13.71,1035.0,2.88,3.8,Amazing bouquet and colour intensity of 3.8. The ash 2.36 gives mineral depth. A truly wonderful bottle.,5,TripAdvisor,User_0022,17,Positive,7,Positive,😊 Satisfaction
WR2023,class_0,12.85,1015.0,2.37,3.93,Standard Italian wine. Alcohol 12.85% is normal. Would drink again if nothing else available. Three stars.,3,Vivino,User_0023,16,Neutral,0,Neutral,😐 Indifferent
WR2024,class_0,13.5,845.0,2.61,3.52,Amazing bouquet and colour intensity of 3.52. The ash 2.61 gives mineral depth. A truly wonderful bottle.,5,TripAdvisor,User_0024,17,Positive,7,Positive,😊 Satisfaction
WR2025,class_0,13.05,830.0,2.68,3.58,Perfect balance. Proline at 830 delivers earthy depth. Hue 1.13 is gorgeous. One of the finest I have tasted.,5,Decanter,User_0025,19,Positive,7,Positive,😊 Satisfaction
WR2026,class_0,13.39,1195.0,2.94,4.8,Medium quality. Some positive notes but also some off-flavours. Colour 4.8 acceptable. Nothing remarkable.,4,Vivino,User_0026,14,Neutral,1,Neutral,🤔 Mixed
WR2027,class_0,13.3,1285.0,2.19,3.95,"Bad chemistry. Malic acid too high, taste is sharp and unpleasant. Alcohol 13.3% makes it worse.",2,Decanter,User_0027,16,Negative,-7,Negative,😤 Frustration
WR2028,class_0,13.87,915.0,2.97,4.5,Perfect balance. Proline at 915 delivers earthy depth. Hue 1.25 is gorgeous. One of the finest I have tasted.,5,Amazon,User_0028,19,Positive,7,Positive,😊 Satisfaction
WR2029,class_0,14.02,1035.0,2.33,4.7,"Okay wine, not great. Colour intensity 4.7 is fine. Hue 1.04 within normal range. Gets the job done.",3,Amazon,User_0029,18,Neutral,-1,Neutral,😐 Indifferent
WR2030,class_0,13.73,1285.0,3.25,5.7,"Okay wine, not great. Colour intensity 5.7 is fine. Hue 1.19 within normal range. Gets the job done.",4,Decanter,User_0030,18,Neutral,-1,Neutral,😐 Indifferent
WR2031,class_0,13.58,1515.0,3.19,6.9,Superb complexity! Rich dark fruit notes. Flavanoids 3.19 are excellent. This wine pairs perfectly with red meat.,4,Reddit r/wine,User_0031,17,Positive,9,Positive,😍 Delight
WR2032,class_0,13.68,990.0,2.69,3.84,Worst wine I have tried. Completely unpleasant. Alcohol 13.68% burns badly. Acid is completely wrong.,1,TripAdvisor,User_0032,15,Negative,-10,Negative,😡 Anger
WR2033,class_0,13.76,1235.0,2.74,5.4,Exceptional quality! Flavanoids level 2.74 is remarkable. Colour intensity 5.4 shows excellent depth. Highly recommend.,5,Decanter,User_0033,15,Positive,13,Positive,😍 Delight
WR2034,class_0,13.51,1095.0,2.53,4.2,"Dreadful quality control. Flavanoids 2.53 are non-existent. No fruit, no finish. A big disappointment.",1,Decanter,User_0034,14,Negative,-6,Negative,😤 Frustration
WR2035,class_0,13.48,920.0,2.98,5.1,Superb complexity! Rich dark fruit notes. Flavanoids 2.98 are excellent. This wine pairs perfectly with red meat.,5,Wine Spectator,User_0035,17,Positive,9,Positive,😍 Delight
WR2036,class_0,13.28,880.0,2.68,4.6,"Brilliant wine from class_0. Alcohol 13.28%, smooth finish, beautifully structured phenols at 2.6. Would buy again!",5,Amazon,User_0036,16,Positive,6,Positive,😍 Delight
WR2037,class_0,13.05,1105.0,2.43,4.25,Decent wine. Alcohol 13.05% is standard. Phenols 2.45 okay but nothing special. Average for the price.,3,TripAdvisor,User_0037,16,Neutral,0,Neutral,😐 Indifferent
WR2038,class_0,13.07,1020.0,2.64,3.7,Medium quality. Some positive notes but also some off-flavours. Colour 3.7 acceptable. Nothing remarkable.,3,Reddit r/wine,User_0038,14,Neutral,1,Neutral,🤔 Mixed
WR2039,class_0,14.22,760.0,3.04,5.1,"Brilliant wine from class_0. Alcohol 14.22%, smooth finish, beautifully structured phenols at 3.0. Would buy again!",4,Amazon,User_0039,16,Positive,6,Positive,😍 Delight
WR2040,class_0,13.56,795.0,3.29,6.13,"Dreadful quality control. Flavanoids 3.29 are non-existent. No fruit, no finish. A big disappointment.",1,Amazon,User_0040,14,Negative,-6,Negative,😤 Frustration
WR2041,class_0,13.41,1035.0,2.68,4.28,Horrible oxidation. Colour intensity 4.28 is brown and stale. Completely ruined. Avoid at all costs.,2,Wine Spectator,User_0041,15,Negative,-10,Negative,😡 Anger
WR2042,class_0,13.88,1095.0,3.56,5.43,Outstanding wine! The alcohol content of 13.88% gives it a wonderful warmth. Phenols at 3.25 make it rich and complex.,4,Wine Spectator,User_0042,20,Positive,11,Positive,😍 Delight
WR2043,class_0,13.24,680.0,2.63,4.36,Very poor quality. Colour intensity 4.36 was dull. Flavanoids 2.63 completely lacking. Would not recommend.,2,Amazon,User_0043,15,Negative,-10,Negative,😞 Disappointment
WR2044,class_0,13.05,885.0,3.0,5.04,Average class_0. Proline 885 is typical. Phenols 3.0 middle of the road. Will do for a casual dinner.,4,Decanter,User_0044,18,Neutral,0,Neutral,😐 Indifferent
WR2045,class_0,14.21,1080.0,2.65,5.24,Standard Italian wine. Alcohol 14.21% is normal. Would drink again if nothing else available. Three stars.,3,Wine Spectator,User_0045,16,Neutral,0,Neutral,😐 Indifferent
WR2046,class_0,14.38,1065.0,3.17,4.9,Superb complexity! Rich dark fruit notes. Flavanoids 3.17 are excellent. This wine pairs perfectly with red meat.,5,Amazon,User_0046,17,Positive,9,Positive,😍 Delight
WR2047,class_0,13.9,985.0,3.39,6.1,"Okay wine, not great. Colour intensity 6.1 is fine. Hue 0.91 within normal range. Gets the job done.",3,Amazon,User_0047,18,Neutral,-1,Neutral,😐 Indifferent
WR2048,class_0,14.1,1060.0,2.92,6.2,Terrible wine! Alcohol 14.1% is too harsh. Phenols 2.75 taste artificial. Unbalanced and disappointing.,1,Decanter,User_0048,14,Negative,-12,Negative,😡 Anger
WR2049,class_0,13.94,1260.0,3.54,8.9,Outstanding wine! The alcohol content of 13.94% gives it a wonderful warmth. Phenols at 2.88 make it rich and complex.,5,Vivino,User_0049,20,Positive,11,Positive,😍 Delight
WR2050,class_0,13.05,1150.0,3.27,7.2,Horrible oxidation. Colour intensity 7.2 is brown and stale. Completely ruined. Avoid at all costs.,1,Wine Spectator,User_0050,15,Negative,-10,Negative,😡 Anger
WR2051,class_0,13.83,1265.0,2.99,5.6,Outstanding wine! The alcohol content of 13.83% gives it a wonderful warmth. Phenols at 2.45 make it rich and complex.,4,Decanter,User_0051,20,Positive,11,Positive,😍 Delight
WR2052,class_0,13.82,1190.0,3.74,7.05,"Brilliant wine from class_0. Alcohol 13.82%, smooth finish, beautifully structured phenols at 3.88. Would buy again!",4,Reddit r/wine,User_0052,16,Positive,6,Positive,😍 Delight
WR2053,class_0,13.77,1375.0,2.79,6.3,Standard Italian wine. Alcohol 13.77% is normal. Would drink again if nothing else available. Three stars.,3,Decanter,User_0053,16,Neutral,0,Neutral,😐 Indifferent
WR2054,class_0,13.74,1060.0,2.9,5.85,Perfect balance. Proline at 1060 delivers earthy depth. Hue 0.92 is gorgeous. One of the finest I have tasted.,4,Reddit r/wine,User_0054,19,Positive,7,Positive,😊 Satisfaction
WR2055,class_0,13.56,1120.0,2.78,6.25,Amazing bouquet and colour intensity of 6.25. The ash 2.46 gives mineral depth. A truly wonderful bottle.,4,TripAdvisor,User_0055,17,Positive,7,Positive,😊 Satisfaction
WR2056,class_0,14.22,970.0,3.0,6.38,Disgusting aftertaste. Hue 0.94 was off. Proline 970 way too high making it bitter. Waste of money.,1,Wine Spectator,User_0056,17,Negative,-9,Negative,😡 Anger
WR2057,class_0,13.29,1270.0,3.23,6.0,Superb complexity! Rich dark fruit notes. Flavanoids 3.23 are excellent. This wine pairs perfectly with red meat.,5,Wine Spectator,User_0057,17,Positive,9,Positive,😍 Delight
WR2058,class_0,13.72,1285.0,3.67,6.8,Incredible value and quality. Strong phenols (3.4) with great hue (0.89). This is what wine should taste like.,5,TripAdvisor,User_0058,18,Positive,6,Positive,😍 Delight
WR2059,class_1,12.37,520.0,0.57,1.95,Exceptional quality! Flavanoids level 0.57 is remarkable. Colour intensity 1.95 shows excellent depth. Highly recommend.,5,Amazon,User_0059,15,Positive,13,Positive,😍 Delight
WR2060,class_1,12.33,680.0,1.09,3.27,"Brilliant wine from class_1. Alcohol 12.33%, smooth finish, beautifully structured phenols at 2.05. Would buy again!",4,Vivino,User_0060,16,Positive,6,Positive,😍 Delight
WR2061,class_1,12.64,450.0,1.41,5.75,"Okay wine, not great. Colour intensity 5.75 is fine. Hue 0.98 within normal range. Gets the job done.",4,Vivino,User_0061,18,Neutral,-1,Neutral,😐 Indifferent
WR2062,class_1,13.67,630.0,1.79,3.8,Superb complexity! Rich dark fruit notes. Flavanoids 1.79 are excellent. This wine pairs perfectly with red meat.,5,Decanter,User_0062,17,Positive,9,Positive,😍 Delight
WR2063,class_1,12.37,420.0,3.1,4.45,"Brilliant wine from class_1. Alcohol 12.37%, smooth finish, beautifully structured phenols at 3.5. Would buy again!",4,Amazon,User_0063,16,Positive,6,Positive,😍 Delight
WR2064,class_1,12.17,355.0,1.75,2.95,Average class_1. Proline 355 is typical. Phenols 1.89 middle of the road. Will do for a casual dinner.,3,Amazon,User_0064,18,Neutral,0,Neutral,😐 Indifferent
WR2065,class_1,12.37,678.0,2.65,4.6,One of the best class_1 wines I have ever tried. Perfectly aged. Proline 678 indicates exceptional terroir.,4,Amazon,User_0065,17,Positive,8,Positive,😍 Delight
WR2066,class_1,13.11,502.0,3.18,5.3,Superb complexity! Rich dark fruit notes. Flavanoids 3.18 are excellent. This wine pairs perfectly with red meat.,5,Decanter,User_0066,17,Positive,9,Positive,😍 Delight
WR2067,class_1,12.37,510.0,2.0,4.68,Medium quality. Some positive notes but also some off-flavours. Colour 4.68 acceptable. Nothing remarkable.,3,Decanter,User_0067,14,Neutral,1,Neutral,🤔 Mixed
WR2068,class_1,13.34,750.0,1.3,3.17,Medium quality. Some positive notes but also some off-flavours. Colour 3.17 acceptable. Nothing remarkable.,3,Decanter,User_0068,14,Neutral,1,Neutral,🤔 Mixed
WR2069,class_1,12.21,718.0,1.28,2.85,"Bad chemistry. Malic acid too high, taste is sharp and unpleasant. Alcohol 12.21% makes it worse.",2,Reddit r/wine,User_0069,16,Negative,-7,Negative,😤 Frustration
WR2070,class_1,12.29,870.0,1.02,3.05,"Bad chemistry. Malic acid too high, taste is sharp and unpleasant. Alcohol 12.29% makes it worse.",1,TripAdvisor,User_0070,16,Negative,-7,Negative,😤 Frustration
WR2071,class_1,13.86,410.0,2.86,3.38,Decent wine. Alcohol 13.86% is standard. Phenols 2.95 okay but nothing special. Average for the price.,3,Decanter,User_0071,16,Neutral,0,Neutral,😐 Indifferent
WR2072,class_1,13.49,472.0,1.84,3.74,Exceptional quality! Flavanoids level 1.84 is remarkable. Colour intensity 3.74 shows excellent depth. Highly recommend.,5,TripAdvisor,User_0072,15,Positive,13,Positive,😍 Delight
WR2073,class_1,12.99,985.0,2.89,3.35,Superb complexity! Rich dark fruit notes. Flavanoids 2.89 are excellent. This wine pairs perfectly with red meat.,4,Reddit r/wine,User_0073,17,Positive,9,Positive,😍 Delight
WR2074,class_1,11.96,886.0,2.14,3.21,"Dreadful quality control. Flavanoids 2.14 are non-existent. No fruit, no finish. A big disappointment.",2,Reddit r/wine,User_0074,14,Negative,-6,Negative,😤 Frustration
WR2075,class_1,11.66,428.0,1.57,3.8,Passable. Hue 1.23 is fine. Proline 428 is typical for this region. A forgettable but drinkable wine.,3,Wine Spectator,User_0075,17,Neutral,2,Neutral,😐 Indifferent
WR2076,class_1,13.03,392.0,2.03,4.6,One of the best class_1 wines I have ever tried. Perfectly aged. Proline 392 indicates exceptional terroir.,5,Amazon,User_0076,17,Positive,8,Positive,😍 Delight
WR2077,class_1,11.84,500.0,1.32,2.65,Exceptional quality! Flavanoids level 1.32 is remarkable. Colour intensity 2.65 shows excellent depth. Highly recommend.,5,Vivino,User_0077,15,Positive,13,Positive,😍 Delight
WR2078,class_1,12.33,750.0,1.85,3.4,Decent wine. Alcohol 12.33% is standard. Phenols 1.9 okay but nothing special. Average for the price.,3,Wine Spectator,User_0078,16,Neutral,0,Neutral,😐 Indifferent
WR2079,class_1,12.7,463.0,2.55,2.57,Worst wine I have tried. Completely unpleasant. Alcohol 12.7% burns badly. Acid is completely wrong.,1,Amazon,User_0079,15,Negative,-10,Negative,😡 Anger
WR2080,class_1,12.0,278.0,2.26,2.5,Very poor quality. Colour intensity 2.5 was dull. Flavanoids 2.26 completely lacking. Would not recommend.,1,Wine Spectator,User_0080,15,Negative,-10,Negative,😞 Disappointment
WR2081,class_1,12.72,714.0,2.53,3.9,"Brilliant wine from class_1. Alcohol 12.72%, smooth finish, beautifully structured phenols at 2.2. Would buy again!",5,Decanter,User_0081,16,Positive,6,Positive,😍 Delight
WR2082,class_1,12.08,630.0,1.58,2.2,Terrible wine! Alcohol 12.08% is too harsh. Phenols 2.0 taste artificial. Unbalanced and disappointing.,2,Decanter,User_0082,14,Negative,-12,Negative,😡 Anger
WR2083,class_1,13.05,515.0,1.59,4.8,Terrible wine! Alcohol 13.05% is too harsh. Phenols 1.65 taste artificial. Unbalanced and disappointing.,2,Vivino,User_0083,14,Negative,-12,Negative,😡 Anger
WR2084,class_1,11.84,520.0,2.21,3.05,Amazing bouquet and colour intensity of 3.05. The ash 2.58 gives mineral depth. A truly wonderful bottle.,5,Decanter,User_0084,17,Positive,7,Positive,😊 Satisfaction
WR2085,class_1,12.67,450.0,1.94,2.62,Superb complexity! Rich dark fruit notes. Flavanoids 1.94 are excellent. This wine pairs perfectly with red meat.,5,Reddit r/wine,User_0085,17,Positive,9,Positive,😍 Delight
WR2086,class_1,12.16,495.0,1.69,2.45,Very poor quality. Colour intensity 2.45 was dull. Flavanoids 1.69 completely lacking. Would not recommend.,1,Decanter,User_0086,15,Negative,-10,Negative,😞 Disappointment
WR2087,class_1,11.65,562.0,1.61,2.6,Average class_1. Proline 562 is typical. Phenols 1.92 middle of the road. Will do for a casual dinner.,3,Reddit r/wine,User_0087,18,Neutral,0,Neutral,😐 Indifferent
WR2088,class_1,11.64,680.0,1.69,2.8,"Brilliant wine from class_1. Alcohol 11.64%, smooth finish, beautifully structured phenols at 1.95. Would buy again!",5,Decanter,User_0088,16,Positive,6,Positive,😍 Delight
WR2089,class_1,12.08,625.0,1.59,1.74,Worst wine I have tried. Completely unpleasant. Alcohol 12.08% burns badly. Acid is completely wrong.,1,Reddit r/wine,User_0089,15,Negative,-10,Negative,😡 Anger
WR2090,class_1,12.08,480.0,1.5,2.4,Average class_1. Proline 480 is typical. Phenols 1.6 middle of the road. Will do for a casual dinner.,3,Amazon,User_0090,18,Neutral,0,Neutral,😐 Indifferent
WR2091,class_1,12.0,450.0,1.25,3.6,"Brilliant wine from class_1. Alcohol 12.0%, smooth finish, beautifully structured phenols at 1.45. Would buy again!",5,Amazon,User_0091,16,Positive,6,Positive,😍 Delight
WR2092,class_1,12.69,495.0,1.46,3.05,"Brilliant wine from class_1. Alcohol 12.69%, smooth finish, beautifully structured phenols at 1.38. Would buy again!",5,Vivino,User_0092,16,Positive,6,Positive,😍 Delight
WR2093,class_1,12.29,290.0,2.25,2.15,Average class_1. Proline 290 is typical. Phenols 2.45 middle of the road. Will do for a casual dinner.,3,Amazon,User_0093,18,Neutral,0,Neutral,😐 Indifferent
WR2094,class_1,11.62,345.0,2.26,3.25,Perfect balance. Proline at 345 delivers earthy depth. Hue 1.16 is gorgeous. One of the finest I have tasted.,4,Reddit r/wine,User_0094,19,Positive,7,Positive,😊 Satisfaction
WR2095,class_1,12.47,937.0,2.27,2.6,Worst wine I have tried. Completely unpleasant. Alcohol 12.47% burns badly. Acid is completely wrong.,1,Decanter,User_0095,15,Negative,-10,Negative,😡 Anger
WR2096,class_1,11.81,625.0,0.99,2.5,Very poor quality. Colour intensity 2.5 was dull. Flavanoids 0.99 completely lacking. Would not recommend.,1,Wine Spectator,User_0096,15,Negative,-10,Negative,😞 Disappointment
WR2097,class_1,12.29,428.0,2.5,2.9,Incredible value and quality. Strong phenols (2.55) with great hue (1.23). This is what wine should taste like.,5,Vivino,User_0097,18,Positive,6,Positive,😍 Delight
WR2098,class_1,12.37,660.0,3.75,4.5,"Dreadful quality control. Flavanoids 3.75 are non-existent. No fruit, no finish. A big disappointment.",3,Wine Spectator,User_0098,14,Negative,-6,Negative,😤 Frustration
WR2099,class_1,12.29,406.0,2.99,2.3,Outstanding wine! The alcohol content of 12.29% gives it a wonderful warmth. Phenols at 2.85 make it rich and complex.,5,TripAdvisor,User_0099,20,Positive,11,Positive,😍 Delight
WR2100,class_1,12.08,710.0,2.17,3.3,Worst wine I have tried. Completely unpleasant. Alcohol 12.08% burns badly. Acid is completely wrong.,1,TripAdvisor,User_0100,15,Negative,-10,Negative,😡 Anger
WR2101,class_1,12.6,562.0,1.36,2.45,Horrible oxidation. Colour intensity 2.45 is brown and stale. Completely ruined. Avoid at all costs.,1,Decanter,User_0101,15,Negative,-10,Negative,😡 Anger
WR2102,class_1,12.34,438.0,2.11,2.8,Worst wine I have tried. Completely unpleasant. Alcohol 12.34% burns badly. Acid is completely wrong.,2,TripAdvisor,User_0102,15,Negative,-10,Negative,😡 Anger
WR2103,class_1,11.82,415.0,1.64,2.06,Horrible oxidation. Colour intensity 2.06 is brown and stale. Completely ruined. Avoid at all costs.,3,Decanter,User_0103,15,Negative,-10,Negative,😡 Anger
WR2104,class_1,12.51,672.0,1.92,2.94,One of the best class_1 wines I have ever tried. Perfectly aged. Proline 672 indicates exceptional terroir.,4,Amazon,User_0104,17,Positive,8,Positive,😍 Delight
WR2105,class_1,12.42,315.0,1.84,2.7,Incredible value and quality. Strong phenols (1.68) with great hue (0.86). This is what wine should taste like.,5,Wine Spectator,User_0105,18,Positive,6,Positive,😍 Delight
WR2106,class_1,12.25,510.0,2.03,3.4,Incredible value and quality. Strong phenols (1.65) with great hue (1.0). This is what wine should taste like.,4,Reddit r/wine,User_0106,18,Positive,6,Positive,😍 Delight
WR2107,class_1,12.72,488.0,1.76,3.3,Incredible value and quality. Strong phenols (1.38) with great hue (0.88). This is what wine should taste like.,5,Vivino,User_0107,18,Positive,6,Positive,😍 Delight
WR2108,class_1,12.22,312.0,2.04,2.7,Superb complexity! Rich dark fruit notes. Flavanoids 2.04 are excellent. This wine pairs perfectly with red meat.,5,Decanter,User_0108,17,Positive,9,Positive,😍 Delight
WR2109,class_1,11.61,680.0,2.92,2.65,Decent wine. Alcohol 11.61% is standard. Phenols 2.74 okay but nothing special. Average for the price.,4,Reddit r/wine,User_0109,16,Neutral,0,Neutral,😐 Indifferent
WR2110,class_1,11.46,562.0,2.58,2.9,Decent wine. Alcohol 11.46% is standard. Phenols 3.18 okay but nothing special. Average for the price.,3,TripAdvisor,User_0110,16,Neutral,0,Neutral,😐 Indifferent
WR2111,class_1,12.52,325.0,2.27,2.0,Worst wine I have tried. Completely unpleasant. Alcohol 12.52% burns badly. Acid is completely wrong.,1,Reddit r/wine,User_0111,15,Negative,-10,Negative,😡 Anger
WR2112,class_1,11.76,607.0,2.03,3.8,Exceptional quality! Flavanoids level 2.03 is remarkable. Colour intensity 3.8 shows excellent depth. Highly recommend.,4,Amazon,User_0112,15,Positive,13,Positive,😍 Delight
WR2113,class_1,11.41,434.0,2.01,3.08,"Brilliant wine from class_1. Alcohol 11.41%, smooth finish, beautifully structured phenols at 2.48. Would buy again!",4,Reddit r/wine,User_0113,16,Positive,6,Positive,😍 Delight
WR2114,class_1,12.08,385.0,2.29,2.9,Worst wine I have tried. Completely unpleasant. Alcohol 12.08% burns badly. Acid is completely wrong.,1,Amazon,User_0114,15,Negative,-10,Negative,😡 Anger
WR2115,class_1,11.03,407.0,2.17,1.9,"Brilliant wine from class_1. Alcohol 11.03%, smooth finish, beautifully structured phenols at 2.46. Would buy again!",4,Vivino,User_0115,16,Positive,6,Positive,😍 Delight
WR2116,class_1,11.82,495.0,1.6,1.95,Decent wine. Alcohol 11.82% is standard. Phenols 1.98 okay but nothing special. Average for the price.,4,Wine Spectator,User_0116,16,Neutral,0,Neutral,😐 Indifferent
WR2117,class_1,12.42,345.0,2.09,2.06,Perfect balance. Proline at 345 delivers earthy depth. Hue 1.06 is gorgeous. One of the finest I have tasted.,5,Vivino,User_0117,19,Positive,7,Positive,😊 Satisfaction
WR2118,class_1,12.77,372.0,1.25,3.4,Very poor quality. Colour intensity 3.4 was dull. Flavanoids 1.25 completely lacking. Would not recommend.,2,Amazon,User_0118,15,Negative,-10,Negative,😞 Disappointment
WR2119,class_1,12.0,564.0,1.64,1.28,One of the best class_1 wines I have ever tried. Perfectly aged. Proline 564 indicates exceptional terroir.,5,Decanter,User_0119,17,Positive,8,Positive,😍 Delight
WR2120,class_1,11.45,625.0,2.79,3.25,Medium quality. Some positive notes but also some off-flavours. Colour 3.25 acceptable. Nothing remarkable.,3,Vivino,User_0120,14,Neutral,1,Neutral,🤔 Mixed
WR2121,class_1,11.56,465.0,5.08,6.0,One of the best class_1 wines I have ever tried. Perfectly aged. Proline 465 indicates exceptional terroir.,5,Decanter,User_0121,17,Positive,8,Positive,😍 Delight
WR2122,class_1,12.42,365.0,2.13,2.08,Incredible value and quality. Strong phenols (2.2) with great hue (0.92). This is what wine should taste like.,5,Wine Spectator,User_0122,18,Positive,6,Positive,😍 Delight
WR2123,class_1,13.05,380.0,2.65,2.6,One of the best class_1 wines I have ever tried. Perfectly aged. Proline 380 indicates exceptional terroir.,5,Reddit r/wine,User_0123,17,Positive,8,Positive,😍 Delight
WR2124,class_1,11.87,380.0,3.03,2.8,Incredible value and quality. Strong phenols (2.86) with great hue (0.75). This is what wine should taste like.,5,Wine Spectator,User_0124,18,Positive,6,Positive,😍 Delight
WR2125,class_1,12.07,378.0,2.65,2.76,One of the best class_1 wines I have ever tried. Perfectly aged. Proline 378 indicates exceptional terroir.,4,Amazon,User_0125,17,Positive,8,Positive,😍 Delight
WR2126,class_1,12.43,352.0,3.15,3.94,Passable. Hue 0.69 is fine. Proline 352 is typical for this region. A forgettable but drinkable wine.,3,Wine Spectator,User_0126,17,Neutral,2,Neutral,😐 Indifferent
WR2127,class_1,11.79,466.0,2.24,3.0,Terrible wine! Alcohol 11.79% is too harsh. Phenols 2.13 taste artificial. Unbalanced and disappointing.,2,Amazon,User_0127,14,Negative,-12,Negative,😡 Anger
WR2128,class_1,12.37,342.0,2.45,2.12,"Not bad, not great. Flavanoids 2.45 are acceptable. Ash 2.3 okay. Neither impressed nor disappointed.",3,Wine Spectator,User_0128,15,Neutral,-1,Neutral,😐 Indifferent
WR2129,class_1,12.04,580.0,1.75,2.6,Worst wine I have tried. Completely unpleasant. Alcohol 12.04% burns badly. Acid is completely wrong.,1,Reddit r/wine,User_0129,15,Negative,-10,Negative,😡 Anger
WR2130,class_2,12.86,630.0,1.25,4.1,"Bad chemistry. Malic acid too high, taste is sharp and unpleasant. Alcohol 12.86% makes it worse.",2,TripAdvisor,User_0130,16,Negative,-7,Negative,😤 Frustration
WR2131,class_2,12.88,530.0,1.22,5.4,Amazing bouquet and colour intensity of 5.4. The ash 2.4 gives mineral depth. A truly wonderful bottle.,4,Vivino,User_0131,17,Positive,7,Positive,😊 Satisfaction
WR2132,class_2,12.81,560.0,1.09,5.7,Outstanding wine! The alcohol content of 12.81% gives it a wonderful warmth. Phenols at 1.15 make it rich and complex.,5,Reddit r/wine,User_0132,20,Positive,11,Positive,😍 Delight
WR2133,class_2,12.7,600.0,1.2,5.0,Medium quality. Some positive notes but also some off-flavours. Colour 5.0 acceptable. Nothing remarkable.,3,Decanter,User_0133,14,Neutral,1,Neutral,🤔 Mixed
WR2134,class_2,12.51,650.0,0.58,5.45,Outstanding wine! The alcohol content of 12.51% gives it a wonderful warmth. Phenols at 2.0 make it rich and complex.,5,TripAdvisor,User_0134,20,Positive,11,Positive,😍 Delight
WR2135,class_2,12.6,695.0,0.66,7.1,One of the best class_2 wines I have ever tried. Perfectly aged. Proline 695 indicates exceptional terroir.,4,TripAdvisor,User_0135,17,Positive,8,Positive,😍 Delight
WR2136,class_2,12.25,720.0,0.47,3.85,Passable. Hue 0.75 is fine. Proline 720 is typical for this region. A forgettable but drinkable wine.,3,TripAdvisor,User_0136,17,Neutral,2,Neutral,😐 Indifferent
WR2137,class_2,12.53,515.0,0.6,5.0,Average class_2. Proline 515 is typical. Phenols 1.79 middle of the road. Will do for a casual dinner.,4,Wine Spectator,User_0137,18,Neutral,0,Neutral,😐 Indifferent
WR2138,class_2,13.49,580.0,0.48,5.7,Average class_2. Proline 580 is typical. Phenols 1.62 middle of the road. Will do for a casual dinner.,3,Amazon,User_0138,18,Neutral,0,Neutral,😐 Indifferent
WR2139,class_2,12.84,590.0,0.6,4.92,Worst wine I have tried. Completely unpleasant. Alcohol 12.84% burns badly. Acid is completely wrong.,2,Wine Spectator,User_0139,15,Negative,-10,Negative,😡 Anger
WR2140,class_2,12.93,600.0,0.5,4.6,Standard Italian wine. Alcohol 12.93% is normal. Would drink again if nothing else available. Three stars.,3,Amazon,User_0140,16,Neutral,0,Neutral,😐 Indifferent
WR2141,class_2,13.36,780.0,0.5,5.6,Passable. Hue 0.7 is fine. Proline 780 is typical for this region. A forgettable but drinkable wine.,3,Amazon,User_0141,17,Neutral,2,Neutral,😐 Indifferent
WR2142,class_2,13.52,520.0,0.52,4.35,Amazing bouquet and colour intensity of 4.35. The ash 2.72 gives mineral depth. A truly wonderful bottle.,4,TripAdvisor,User_0142,17,Positive,7,Positive,😊 Satisfaction
WR2143,class_2,13.62,550.0,0.8,4.4,Horrible oxidation. Colour intensity 4.4 is brown and stale. Completely ruined. Avoid at all costs.,1,Decanter,User_0143,15,Negative,-10,Negative,😡 Anger
WR2144,class_2,12.25,855.0,0.78,8.21,Worst wine I have tried. Completely unpleasant. Alcohol 12.25% burns badly. Acid is completely wrong.,3,Decanter,User_0144,15,Negative,-10,Negative,😡 Anger
WR2145,class_2,13.16,830.0,0.55,4.0,Perfect balance. Proline at 830 delivers earthy depth. Hue 0.6 is gorgeous. One of the finest I have tasted.,4,Reddit r/wine,User_0145,19,Positive,7,Positive,😊 Satisfaction
WR2146,class_2,13.88,415.0,0.34,4.9,Standard Italian wine. Alcohol 13.88% is normal. Would drink again if nothing else available. Three stars.,4,Vivino,User_0146,16,Neutral,0,Neutral,😐 Indifferent
WR2147,class_2,12.87,625.0,0.65,7.65,One of the best class_2 wines I have ever tried. Perfectly aged. Proline 625 indicates exceptional terroir.,4,TripAdvisor,User_0147,17,Positive,8,Positive,😍 Delight
WR2148,class_2,13.32,650.0,0.76,8.42,"Dreadful quality control. Flavanoids 0.76 are non-existent. No fruit, no finish. A big disappointment.",1,Vivino,User_0148,14,Negative,-6,Negative,😤 Frustration
WR2149,class_2,13.08,550.0,1.39,9.4,Amazing bouquet and colour intensity of 9.4. The ash 2.36 gives mineral depth. A truly wonderful bottle.,4,Decanter,User_0149,17,Positive,7,Positive,😊 Satisfaction
WR2150,class_2,13.5,500.0,1.57,8.6,Standard Italian wine. Alcohol 13.5% is normal. Would drink again if nothing else available. Three stars.,4,Reddit r/wine,User_0150,16,Neutral,0,Neutral,😐 Indifferent
WR2151,class_2,12.79,480.0,1.36,10.8,One of the best class_2 wines I have ever tried. Perfectly aged. Proline 480 indicates exceptional terroir.,4,Vivino,User_0151,17,Positive,8,Positive,😍 Delight
WR2152,class_2,13.11,425.0,1.28,7.1,"Brilliant wine from class_2. Alcohol 13.11%, smooth finish, beautifully structured phenols at 2.2. Would buy again!",5,Reddit r/wine,User_0152,16,Positive,6,Positive,😍 Delight
WR2153,class_2,13.23,675.0,0.83,10.52,Medium quality. Some positive notes but also some off-flavours. Colour 10.52 acceptable. Nothing remarkable.,4,TripAdvisor,User_0153,14,Neutral,1,Neutral,🤔 Mixed
WR2154,class_2,12.58,640.0,0.58,7.6,Disgusting aftertaste. Hue 0.58 was off. Proline 640 way too high making it bitter. Waste of money.,2,Vivino,User_0154,17,Negative,-9,Negative,😡 Anger
WR2155,class_2,13.17,725.0,0.63,7.9,Amazing bouquet and colour intensity of 7.9. The ash 2.32 gives mineral depth. A truly wonderful bottle.,5,Reddit r/wine,User_0155,17,Positive,7,Positive,😊 Satisfaction
WR2156,class_2,13.84,480.0,0.83,9.01,Exceptional quality! Flavanoids level 0.83 is remarkable. Colour intensity 9.01 shows excellent depth. Highly recommend.,5,Amazon,User_0156,15,Positive,13,Positive,😍 Delight
WR2157,class_2,12.45,880.0,0.58,7.5,Worst wine I have tried. Completely unpleasant. Alcohol 12.45% burns badly. Acid is completely wrong.,3,Vivino,User_0157,15,Negative,-10,Negative,😡 Anger
WR2158,class_2,14.34,660.0,1.31,13.0,Superb complexity! Rich dark fruit notes. Flavanoids 1.31 are excellent. This wine pairs perfectly with red meat.,5,Amazon,User_0158,17,Positive,9,Positive,😍 Delight
WR2159,class_2,13.48,620.0,1.1,11.75,"Awful experience. class_2 should be ashamed. No depth, no balance. Phenols 2.6 are terrible. Returning this.",1,Amazon,User_0159,16,Negative,-12,Negative,😡 Anger
WR2160,class_2,12.36,520.0,0.92,7.65,Superb complexity! Rich dark fruit notes. Flavanoids 0.92 are excellent. This wine pairs perfectly with red meat.,5,TripAdvisor,User_0160,17,Positive,9,Positive,😍 Delight
WR2161,class_2,13.69,680.0,0.56,5.88,Worst wine I have tried. Completely unpleasant. Alcohol 13.69% burns badly. Acid is completely wrong.,2,Vivino,User_0161,15,Negative,-10,Negative,😡 Anger
WR2162,class_2,12.85,570.0,0.6,5.58,Outstanding wine! The alcohol content of 12.85% gives it a wonderful warmth. Phenols at 1.65 make it rich and complex.,4,Decanter,User_0162,20,Positive,11,Positive,😍 Delight
WR2163,class_2,12.96,675.0,0.7,5.28,"Brilliant wine from class_2. Alcohol 12.96%, smooth finish, beautifully structured phenols at 1.39. Would buy again!",4,Reddit r/wine,User_0163,16,Positive,6,Positive,😍 Delight
WR2164,class_2,13.78,615.0,0.68,9.58,Average class_2. Proline 615 is typical. Phenols 1.35 middle of the road. Will do for a casual dinner.,3,Vivino,User_0164,18,Neutral,0,Neutral,😐 Indifferent
WR2165,class_2,13.73,520.0,0.47,6.62,"Brilliant wine from class_2. Alcohol 13.73%, smooth finish, beautifully structured phenols at 1.28. Would buy again!",5,Decanter,User_0165,16,Positive,6,Positive,😍 Delight
WR2166,class_2,13.45,695.0,0.92,10.68,Medium quality. Some positive notes but also some off-flavours. Colour 10.68 acceptable. Nothing remarkable.,4,Amazon,User_0166,14,Neutral,1,Neutral,🤔 Mixed
WR2167,class_2,12.82,685.0,0.66,10.26,Incredible value and quality. Strong phenols (1.48) with great hue (0.72). This is what wine should taste like.,4,Wine Spectator,User_0167,18,Positive,6,Positive,😍 Delight
WR2168,class_2,13.58,750.0,0.84,8.66,One of the best class_2 wines I have ever tried. Perfectly aged. Proline 750 indicates exceptional terroir.,4,Reddit r/wine,User_0168,17,Positive,8,Positive,😍 Delight
WR2169,class_2,13.4,630.0,0.96,8.5,Incredible value and quality. Strong phenols (1.98) with great hue (0.67). This is what wine should taste like.,5,Vivino,User_0169,18,Positive,6,Positive,😍 Delight
WR2170,class_2,12.2,510.0,0.49,5.5,Outstanding wine! The alcohol content of 12.2% gives it a wonderful warmth. Phenols at 1.25 make it rich and complex.,4,Reddit r/wine,User_0170,20,Positive,11,Positive,😍 Delight
WR2171,class_2,12.77,470.0,0.51,9.899999,Standard Italian wine. Alcohol 12.77% is normal. Would drink again if nothing else available. Three stars.,3,Decanter,User_0171,16,Neutral,0,Neutral,😐 Indifferent
WR2172,class_2,14.16,660.0,0.7,9.7,Standard Italian wine. Alcohol 14.16% is normal. Would drink again if nothing else available. Three stars.,4,Wine Spectator,User_0172,16,Neutral,0,Neutral,😐 Indifferent
WR2173,class_2,13.71,740.0,0.61,7.7,Outstanding wine! The alcohol content of 13.71% gives it a wonderful warmth. Phenols at 1.68 make it rich and complex.,4,Wine Spectator,User_0173,20,Positive,11,Positive,😍 Delight
WR2174,class_2,13.4,750.0,0.75,7.3,Outstanding wine! The alcohol content of 13.4% gives it a wonderful warmth. Phenols at 1.8 make it rich and complex.,4,Vivino,User_0174,20,Positive,11,Positive,😍 Delight
WR2175,class_2,13.27,835.0,0.69,10.2,"Brilliant wine from class_2. Alcohol 13.27%, smooth finish, beautifully structured phenols at 1.59. Would buy again!",5,TripAdvisor,User_0175,16,Positive,6,Positive,😍 Delight
WR2176,class_2,13.17,840.0,0.68,9.3,Disgusting aftertaste. Hue 0.6 was off. Proline 840 way too high making it bitter. Waste of money.,1,Vivino,User_0176,17,Negative,-9,Negative,😡 Anger
WR2177,class_2,14.13,560.0,0.76,9.2,Amazing bouquet and colour intensity of 9.2. The ash 2.74 gives mineral depth. A truly wonderful bottle.,4,TripAdvisor,User_0177,17,Positive,7,Positive,😊 Satisfaction
WR2178,class_0,14.23,1065.0,3.06,5.64,One of the best class_0 wines I have ever tried. Perfectly aged. Proline 1065 indicates exceptional terroir.,5,Amazon,User_0178,17,Positive,8,Positive,😍 Delight
WR2179,class_0,13.2,1050.0,2.76,4.38,Average class_0. Proline 1050 is typical. Phenols 2.65 middle of the road. Will do for a casual dinner.,3,Decanter,User_0179,18,Neutral,0,Neutral,😐 Indifferent
WR2180,class_0,13.16,1185.0,3.24,5.68,Outstanding wine! The alcohol content of 13.16% gives it a wonderful warmth. Phenols at 2.8 make it rich and complex.,4,Vivino,User_0180,20,Positive,11,Positive,😍 Delight
WR2181,class_0,14.37,1480.0,3.49,7.8,"Bad chemistry. Malic acid too high, taste is sharp and unpleasant. Alcohol 14.37% makes it worse.",2,TripAdvisor,User_0181,16,Negative,-7,Negative,😤 Frustration
WR2182,class_0,13.24,735.0,2.69,4.32,Outstanding wine! The alcohol content of 13.24% gives it a wonderful warmth. Phenols at 2.8 make it rich and complex.,5,Wine Spectator,User_0182,20,Positive,11,Positive,😍 Delight
WR2183,class_0,14.2,1450.0,3.39,6.75,Incredible value and quality. Strong phenols (3.27) with great hue (1.05). This is what wine should taste like.,5,Amazon,User_0183,18,Positive,6,Positive,😍 Delight
WR2184,class_0,14.39,1290.0,2.52,5.25,Very poor quality. Colour intensity 5.25 was dull. Flavanoids 2.52 completely lacking. Would not recommend.,1,Decanter,User_0184,15,Negative,-10,Negative,😞 Disappointment
WR2185,class_0,14.06,1295.0,2.51,5.05,Superb complexity! Rich dark fruit notes. Flavanoids 2.51 are excellent. This wine pairs perfectly with red meat.,4,Reddit r/wine,User_0185,17,Positive,9,Positive,😍 Delight
WR2186,class_0,14.83,1045.0,2.98,5.2,Medium quality. Some positive notes but also some off-flavours. Colour 5.2 acceptable. Nothing remarkable.,3,Amazon,User_0186,14,Neutral,1,Neutral,🤔 Mixed
WR2187,class_0,13.86,1045.0,3.15,7.22,Perfect balance. Proline at 1045 delivers earthy depth. Hue 1.01 is gorgeous. One of the finest I have tasted.,5,TripAdvisor,User_0187,19,Positive,7,Positive,😊 Satisfaction
WR2188,class_0,14.1,1510.0,3.32,5.75,Incredible value and quality. Strong phenols (2.95) with great hue (1.25). This is what wine should taste like.,4,Amazon,User_0188,18,Positive,6,Positive,😍 Delight
WR2189,class_0,14.12,1280.0,2.43,5.0,"Bad chemistry. Malic acid too high, taste is sharp and unpleasant. Alcohol 14.12% makes it worse.",1,TripAdvisor,User_0189,16,Negative,-7,Negative,😤 Frustration
WR2190,class_0,13.75,1320.0,2.76,5.6,Outstanding wine! The alcohol content of 13.75% gives it a wonderful warmth. Phenols at 2.6 make it rich and complex.,4,Decanter,User_0190,20,Positive,11,Positive,😍 Delight
WR2191,class_0,14.75,1150.0,3.69,5.4,Disgusting aftertaste. Hue 1.25 was off. Proline 1150 way too high making it bitter. Waste of money.,1,Vivino,User_0191,17,Negative,-9,Negative,😡 Anger
WR2192,class_0,14.38,1547.0,3.64,7.5,"Dreadful quality control. Flavanoids 3.64 are non-existent. No fruit, no finish. A big disappointment.",1,Reddit r/wine,User_0192,14,Negative,-6,Negative,😤 Frustration
WR2193,class_0,13.63,1310.0,2.91,7.3,"Okay wine, not great. Colour intensity 7.3 is fine. Hue 1.28 within normal range. Gets the job done.",3,Vivino,User_0193,18,Neutral,-1,Neutral,😐 Indifferent
WR2194,class_0,14.3,1280.0,3.14,6.2,One of the best class_0 wines I have ever tried. Perfectly aged. Proline 1280 indicates exceptional terroir.,5,Wine Spectator,User_0194,17,Positive,8,Positive,😍 Delight
WR2195,class_0,13.83,1130.0,3.4,6.6,Horrible oxidation. Colour intensity 6.6 is brown and stale. Completely ruined. Avoid at all costs.,2,Vivino,User_0195,15,Negative,-10,Negative,😡 Anger
WR2196,class_0,14.19,1680.0,3.93,8.7,Incredible value and quality. Strong phenols (3.3) with great hue (1.23). This is what wine should taste like.,4,Vivino,User_0196,18,Positive,6,Positive,😍 Delight
WR2197,class_0,13.64,845.0,3.03,5.1,"Not bad, not great. Flavanoids 3.03 are acceptable. Ash 2.56 okay. Neither impressed nor disappointed.",4,TripAdvisor,User_0197,15,Neutral,-1,Neutral,😐 Indifferent
WR2198,class_0,14.06,780.0,3.17,5.65,Outstanding wine! The alcohol content of 14.06% gives it a wonderful warmth. Phenols at 3.0 make it rich and complex.,5,Vivino,User_0198,20,Positive,11,Positive,😍 Delight
WR2199,class_0,12.93,770.0,2.41,4.5,Incredible value and quality. Strong phenols (2.41) with great hue (1.03). This is what wine should taste like.,5,Amazon,User_0199,18,Positive,6,Positive,😍 Delight
